module	total	undocumented	status
Magento_RemoteStorage	1	0	pending
Magento_GiftMessage	2	2	pending
Magento_Elasticsearch8	9	8	pending
Magento_Eav	1	0	pending
Magento_Cookie	5	0	pending
Magento_ReCaptchaCheckout	1	1	pending
Magento_ReCaptchaPaypal	1	1	pending
Magento_Translation	1	0	pending
Magento_Paypal	45	44	pending
Magento_SalesRule	8	4	pending
Magento_ReCaptchaReview	1	1	pending
Magento_Swatches	3	3	pending
Magento_Theme	2	1	pending
Magento_Review	2	2	pending
Magento_Developer	2	0	pending
Magento_Reports	12	4	pending
Magento_User	6	2	pending
Magento_PaypalCaptcha	1	0	pending
Magento_GraphQl	8	5	pending
MageOS_ThemeOptimization	13	1	pending
Magento_CatalogInventory	15	12	pending
Magento_Downloadable	8	7	pending
Magento_GoogleAnalytics	3	3	pending
Magento_Multishipping	2	2	pending
Magento_ReCaptchaUser	2	2	pending
Magento_Quote	5	4	pending
Magento_Sitemap	19	12	done
Magento_AsynchronousOperations	1	1	pending
Magento_ReCaptchaAdminUi	4	4	pending
Magento_PageBuilder	7	1	pending
Magento_ReCaptchaContact	1	1	pending
Magento_GoogleAdwords	9	9	pending
Magento_Msrp	4	3	pending
Magento_MediaGalleryRenditions	3	1	pending
Magento_ReCaptchaSendFriend	1	1	pending
Magento_Backup	0	0	pending
Magento_ConfigurableProduct	1	1	pending
Magento_Cron	7	7	pending
Magento_Payment	8	7	pending
Magento_Captcha	18	11	pending
Magento_TwoFactorAuth	13	7	pending
Magento_ReCaptchaResendConfirmationEmail	1	1	pending
Magento_Contact	4	3	pending
Magento_Csp	2	0	pending
Magento_Sales	79	43	pending
Magento_ReCaptchaVersion3Invisible	12	8	pending
MageOS_RMA	13	2	pending
Magento_MysqlMq	4	4	pending
Magento_Fedex	31	29	pending
Magento_LoginAsCustomerPageCache	1	0	pending
Magento_InventoryInStorePickupSalesAdminUi	6	3	pending
Magento_ProductVideo	4	4	pending
Magento_Ui	2	0	pending
Magento_AdvancedSearch	6	3	pending
Magento_MediaStorage	4	3	pending
Magento_InventoryCatalogAdminUi	4	1	pending
Magento_SendFriend	6	4	pending
Magento_GroupedProduct	1	1	pending
Magento_Wishlist	8	5	pending
Magento_Customer	53	27	pending
Magento_InventoryDistanceBasedSourceSelectionAdminUi	4	3	pending
Magento_ReCaptchaCustomer	4	4	pending
Magento_AdminAnalytics	1	0	pending
Magento_Checkout	21	16	done
Magento_Shipping	8	8	pending
Magento_Backend	96	57	pending
Magento_ReCaptchaNewsletter	1	0	pending
Magento_OfflinePayments	38	38	pending
Magento_AdminNotification	3	3	pending
Magento_NewRelicReporting	13	2	pending
Magento_ReCaptchaWishlist	1	1	pending
Magento_Dhl	32	28	pending
Magento_OpenSearch	9	8	pending
Magento_Persistent	6	6	pending
Magento_ProductAlert	10	7	pending
Magento_InventoryInStorePickupShippingAdminUi	6	5	pending
Magento_ReCaptchaVersion2Checkbox	10	8	pending
Magento_ReCaptchaVersion2Invisible	10	8	pending
Magento_Catalog	38	21	pending
Magento_Cms	10	10	pending
Magento_ReCaptchaCheckoutSalesRule	1	1	pending
Magento_Securitytxt	10	5	pending
Magento_OrderCancellation	2	2	pending
Magento_Security	9	2	pending
MageOS_AdminActivityLog	4	3	pending
Magento_Directory	21	18	pending
Magento_Newsletter	9	6	pending
MageOS_AutomaticTranslation	19	1	pending
Magento_InstantPurchase	2	1	pending
Magento_Weee	8	8	pending
Magento_CatalogSearch	7	2	pending
Magento_LoginAsCustomerAssistance	2	2	pending
Magento_ReCaptchaFrontendUi	2	2	pending
Magento_CardinalCommerce	5	5	pending
Magento_CheckoutAgreements	1	1	pending
Magento_Ups	37	34	pending
MageOS_ThemeAdminhtmlSwitcher	1	1	pending
Magento_GoogleOptimizer	2	2	pending
Magento_OfflineShipping	36	36	pending
Magento_JwtUserToken	4	0	pending
Magento_Usps	42	41	pending
Magento_LayeredNavigation	6	3	pending
Magento_GoogleGtag	5	3	pending
Magento_MediaGalleryUi	1	1	pending
Magento_CatalogUrlRewrite	6	2	pending
Magento_Search	1	1	pending
Magento_Tax	28	24	pending
Magento_LoginAsCustomerAdminUi	2	1	pending
Magento_WebapiSecurity	1	0	pending
MageOS_PageBuilderTemplateImportExport	3	1	pending
Magento_Integration	10	1	pending
Magento_Webapi	5	1	pending
Magento_PageCache	9	3	pending
MageOS_InventoryReservationsGrid	1	0	pending
Magento_Rss	1	1	pending
